TICKER,DATE,YEARREPORT,NPL (3-5),PPOP,NIM,Loan yield
ABB,2018Q1,2018,,532795440137.0,,
ABB,2018Q2,2018,,309098559863.0,0.0265396315171214,
ABB,2018Q3,2018,,205546105756.0,0.0250380682541558,
ABB,2018Q4,2018,,239445740537.0,0.0226609080943888,
ABB,2019Q1,2019,,323380007106.0,0.0279480463200681,
ABB,2019Q2,2019,,518008992894.0,0.0335143680043081,
ABB,2019Q3,2019,,481284203101.0,0.0257732452056585,
ABB,2019Q4,2019,,474028785270.0,0.0267272744343835,
ABB,2020Q1,2020,,473649685715.0,0.0223829362564932,
ABB,2020Q2,2020,,388991314285.0,0.0242654144694508,
ABB,2020Q3,2020,,485718000000.0,0.0271503636084297,
ABB,2020Q4,2020,0.0209151539950981,567743000000.0,0.027119066413227,0.0952644464706722
ABB,2021Q1,2021,0.0204130417721744,599052000000.0,0.0267528160264516,0.0837113711542586
ABB,2021Q2,2021,0.0232302087762861,922230000000.0,0.029118182994225,0.0825555607298513
ABB,2021Q3,2021,0.0290894965441102,492850000000.0,0.0280071800489042,0.0800885147269393
ABB,2021Q4,2021,0.02062082541779,640374000000.0,0.0306099631658875,0.0803015966550313
ABB,2022Q1,2022,0.0231630277544141,619834000000.0,0.0275175039076203,0.0772209640920986
ABB,2022Q2,2022,0.0230336602355882,1257564000000.0,0.0313051796682031,0.0823808878277785
ABB,2022Q3,2022,0.0234554699519145,395414000000.0,0.0310000075645305,0.0866938101910682
ABB,2022Q4,2022,0.0288451431894481,203689000000.0,0.0303635383935958,0.0950528780724293
ABB,2023Q1,2023,0.0402514278013067,728518000000.0,0.0250401928081001,0.1019586251988742
ABB,2023Q2,2023,0.0454678582340033,764930000000.0,0.0223096358190149,0.1021314338215842
ABB,2023Q3,2023,0.0350618364085347,265361000000.0,0.0180294160332696,0.1024292721269845
ABB,2023Q4,2023,0.0291228912898523,314437000000.0,0.0178193794978715,0.0899526674085652
ABB,2024Q1,2024,0.0391951373381056,369326000000.0,0.0176745528300087,0.0812921992941584
ABB,2024Q2,2024,0.0354536989231298,794700000000.0,0.0221822479350818,0.0793346476606986
ABB,2024Q3,2024,0.0319747462207583,182316000000.0,0.0191534203424735,0.0711050791936823
ABB,2024Q4,2024,0.0373838281152773,751804000000.0,0.0202100152012544,0.0687486691959214
ABB,2025Q1,2025,0.0380366437593023,755857000000.0,0.0187488062188568,0.0717893674572147
ACB,2017Q1,2017,0.0108477756247849,1202109000000.0,,
ACB,2017Q2,2017,0.0110453848129813,1026563000000.0,0.0324016541833308,0.0908841984656702
ACB,2017Q3,2017,0.0103754494461488,1266690000000.0,0.033180226754319,0.0918281563580446
ACB,2017Q4,2017,0.0070019475033946,1726188000000.0,0.0358759718917082,0.0929106158034537
ACB,2018Q1,2018,0.006982051210411,1624093000000.0,0.0340571106808516,0.0922761805846737
ACB,2018Q2,2018,0.0078301263803846,1972215000000.0,0.0340309847014194,0.0924845578921363
ACB,2018Q3,2018,0.0083717675588131,1840235000000.0,0.0342794889289703,0.093044205768731
ACB,2018Q4,2018,0.007265857801955,1884439000000.0,0.0381849832586019,0.0988495750994496
ACB,2019Q1,2019,0.0068388712351095,1691233000000.0,0.0358579379357746,0.0942290093759094
ACB,2019Q2,2019,0.0066071196211844,2026495000000.0,0.035201348907041,0.0968906781200606
ACB,2019Q3,2019,0.0066568775623991,2005239000000.0,0.0354039988055553,0.0933163721804862
ACB,2019Q4,2019,0.0053939303382347,2066790000000.0,0.0372812427404878,0.1015032743936885
ACB,2020Q1,2020,0.0065218908411269,2017589000000.0,0.0367535047598825,0.1001042877807397
ACB,2020Q2,2020,0.0067612160658866,2334194000000.0,0.032730256627847,0.0952057459217772
ACB,2020Q3,2020,0.0083380313312201,2753568000000.0,0.0367174585435732,0.0955005574331219
ACB,2020Q4,2020,0.0059085333682009,3431690000000.0,0.0422344462173608,0.0959139063667093
ACB,2021Q1,2021,0.0091093300387849,3710080000000.0,0.0428628384126556,0.0911905351355058
ACB,2021Q2,2021,0.0068192233677478,4634679000000.0,0.0446178231510519,0.0917408553974639
ACB,2021Q3,2021,0.0083879805119177,3435685000000.0,0.0390386385366447,0.0880234148947542
ACB,2021Q4,2021,0.0077349185399042,3553777000000.0,0.0390368163098673,0.0850898506987659
ACB,2022Q1,2022,0.0082088867408392,4111162000000.0,0.0422047551111305,0.0856444513111798
ACB,2022Q2,2022,0.0075788630533019,4646996000000.0,0.042855374808244,0.0860905105457755
ACB,2022Q3,2022,0.0100834173084859,4565196000000.0,0.0448808940421408,0.0907222935663579
ACB,2022Q4,2022,0.0073600895421824,3861668000000.0,0.0454794795268774,0.0996695347399819
ACB,2023Q1,2023,0.0097327099088721,5412511000000.0,0.04201012227403,0.1085334577614339
ACB,2023Q2,2023,0.0106485042001954,5538340000000.0,0.0413289871265413,0.1095920258437462
ACB,2023Q3,2023,0.0120082695862068,5556164000000.0,0.0397929242687263,0.1019489215657999
ACB,2023Q4,2023,0.0120738364217697,5365215000000.0,0.0377060829090139,0.0910548349935904
ACB,2024Q1,2024,0.0145192622657422,5404530000000.0,0.038048535870759,0.0825229979535722
ACB,2024Q2,2024,0.0147640568297393,6186393000000.0,0.0388040142810301,0.0787850614971008
ACB,2024Q3,2024,0.0149131926934675,5202287000000.0,0.0362637595443812,0.0780445543669479
ACB,2024Q4,2024,0.0148955378740086,5818946000000.0,0.0351307727472898,0.0765297322331161
ACB,2025Q1,2025,0.0147699254502627,5222736000000.0,0.0294899368080169,0.0726115037001425
BID,2017Q1,2017,0.021424209232456,4625261000000.0,,
BID,2017Q2,2017,0.0191981468233509,5399045000000.0,0.0276268518903094,0.0800980570814732
BID,2017Q3,2017,0.0208276143802374,7417859000000.0,0.0329962826259367,0.0877690096688578
BID,2017Q4,2017,0.0161085996434429,6273667000000.0,0.0280031915170057,0.0830174056865269
BID,2018Q1,2018,0.0161696317075464,8498707000000.0,0.0308189815654994,0.0851901617082799
BID,2018Q2,2018,0.0148937174497222,6497277000000.0,0.0271866705965206,0.0813482167917351
BID,2018Q3,2018,0.0175917274410321,6623516000000.0,0.0261989928515299,0.0782849737479148
BID,2018Q4,2018,0.016887837655159,6746638000000.0,0.0295170561588655,0.0814008334146649
BID,2019Q1,2019,0.0174496801474765,7707286000000.0,0.0262925705670463,0.0791649754688482
BID,2019Q2,2019,0.0198311041015832,7747385000000.0,0.0270880813601888,0.0820184378835971
BID,2019Q3,2019,0.0209001094586355,8075165000000.0,0.0252695625540088,0.0810633188947552
BID,2019Q4,2019,0.0174146984866293,7355440000000.0,0.0268854900058751,0.0832793688345697
BID,2020Q1,2020,0.0174487877795825,7854907000000.0,0.0254923746264744,0.0817095500848786
BID,2020Q2,2020,0.0199869082226644,6865085000000.0,0.0196376363204059,0.0712709059427317
BID,2020Q3,2020,0.0196668064510887,8461174000000.0,0.0256603039076149,0.0752409909327816
BID,2020Q4,2020,0.0175759060878074,9157568000000.0,0.0289256847578576,0.0796072568964765
BID,2021Q1,2021,0.0176444119869363,10568543000000.0,0.0287073580397361,0.0680346020741455
BID,2021Q2,2021,0.0163215493373709,13183408000000.0,0.0327956731628167,0.0750408396376396
BID,2021Q3,2021,0.0161308163838664,10175969000000.0,0.0297119915815568,0.0697964652925061
BID,2021Q4,2021,0.0097773873001228,9105958000000.0,0.0254760686419271,0.067973688027607
BID,2022Q1,2022,0.0096839735095827,11904773000000.0,0.0286822620958735,0.0688918644045189
BID,2022Q2,2022,0.0102934544737227,12935853000000.0,0.0307572470198346,0.0717058362310569
BID,2022Q3,2022,0.0134625499724274,12102329000000.0,0.0282109821292845,0.0725799448997444
BID,2022Q4,2022,0.0115767320679016,10102328000000.0,0.028179410945343,0.0794952423052589
BID,2023Q1,2023,0.0154835133732696,12446625000000.0,0.0266877091883821,0.0852382664255972
BID,2023Q2,2023,0.0159448771025918,10883519000000.0,0.0259011157976579,0.086285425267881
BID,2023Q3,2023,0.0159628255003723,11842405000000.0,0.0262307751763655,0.0828007454146588
BID,2023Q4,2023,0.0125047562254762,12771787000000.0,0.0271845217013959,0.0770545027254233
BID,2024Q1,2024,0.0150506755994614,11778628000000.0,0.0237441514863314,0.0664271442575239
BID,2024Q2,2024,0.0152364283665446,13516271000000.0,0.0249893310131827,0.0647152562500518
BID,2024Q3,2024,0.017093902625694,10951408000000.0,0.022453222319919,0.0609750463976897
BID,2024Q4,2024,0.0141217991640626,16847742000000.0,0.0238503667834562,0.0630698087398805
BID,2025Q1,2025,0.018938099674508,11991592000000.0,0.0201680493694069,0.0586105399130568
CTG,2017Q1,2017,0.0113468220867543,4608799000000.0,,
CTG,2017Q2,2017,0.0116707736621265,5048339000000.0,0.0300776603214813,0.0709310294728795
CTG,2017Q3,2017,0.0120736274249783,4238157000000.0,0.0254196883800191,0.0677649151706217
CTG,2017Q4,2017,0.0113306757298582,3654786000000.0,0.02753264931992,0.0728010331204773
CTG,2018Q1,2018,0.0124593979185753,5379090000000.0,0.0272736508385463,0.0689998123583827
CTG,2018Q2,2018,0.0129417343870051,4838720000000.0,0.0266484542827913,0.0721171057930947
CTG,2018Q3,2018,0.013601479623749,5708269000000.0,0.0269881228248738,0.0743221775361923
CTG,2018Q4,2018,0.0156286420025405,-1564592000000.0,0.0009370097562849,0.0730926738731946
CTG,2019Q1,2019,0.0185266804497916,6394473000000.0,0.0284424175310534,0.0776832218373359
CTG,2019Q2,2019,0.0146911520439154,6320879000000.0,0.0291858850771424,0.0802073025776876
CTG,2019Q3,2019,0.0156451586743176,6623182000000.0,0.0288049086260182,0.0817167977708196
CTG,2019Q4,2019,0.0115617950689144,5443687000000.0,0.0292955203350653,0.0832314257120212
CTG,2020Q1,2020,0.0183158017245236,7367195000000.0,0.0281450385683646,0.0807218436715026
CTG,2020Q2,2020,0.0169659327317862,6692971000000.0,0.0261472739062624,0.0758573612369162
CTG,2020Q3,2020,0.018736153709319,7762170000000.0,0.0299999835018398,0.0769731796992753
CTG,2020Q4,2020,0.0093753462840826,7396185000000.0,0.0326771391498716,0.0757370376812864
CTG,2021Q1,2021,0.0088026238338304,9410324000000.0,0.0328713184348182,0.0734543556304699
CTG,2021Q2,2021,0.0134470214225278,9896321000000.0,0.0320186844394555,0.0722590857595982
CTG,2021Q3,2021,0.0166857646653614,8608540000000.0,0.0279688192421256,0.0677118546579763
CTG,2021Q4,2021,0.0126478046136783,8055307000000.0,0.0288513427220779,0.0690125006814113
CTG,2022Q1,2022,0.0124608038839645,10249179000000.0,0.0262063830232657,0.0665638981793542
CTG,2022Q2,2022,0.0134650505737953,11668335000000.0,0.0296122215050186,0.0723998103098186
CTG,2022Q3,2022,0.0141754005046702,12477190000000.0,0.0311556474035397,0.0778697672977481
CTG,2022Q4,2022,0.0123906032416019,10881891000000.0,0.0300842520340808,0.0849094747852669
CTG,2023Q1,2023,0.0127787015983078,12704156000000.0,0.0289932690797566,0.0890649671555557
CTG,2023Q2,2023,0.0127332099381501,13028549000000.0,0.0285569469171452,0.0898645105413548
CTG,2023Q3,2023,0.0136630096588902,12311275000000.0,0.0286856832938487,0.0853017864906551
CTG,2023Q4,2023,0.0112725376030911,12171223000000.0,0.0305230993646914,0.0807172903656287
CTG,2024Q1,2024,0.01347163070126,14259441000000.0,0.0302795827396315,0.0724751271030785
CTG,2024Q2,2024,0.0156826496233236,14566685000000.0,0.0296009396863309,0.0683444400402644
CTG,2024Q3,2024,0.0144669849041408,15821343000000.0,0.0289160118903044,0.0676628721716543
CTG,2024Q4,2024,0.0121895000079543,14715285000000.0,0.0286911381427154,0.0665219400811066
CTG,2025Q1,2025,0.0155355846705692,14934160000000.0,0.025833832903613,0.0630665523061537
EIB,2017Q1,2017,0.0299550764672578,303450000000.0,,
EIB,2017Q2,2017,0.0289452743653502,352175000000.0,0.0218163808178098,0.0835004650707397
EIB,2017Q3,2017,0.0245998417087473,287735000000.0,0.0187795485736192,0.0825330225084462
EIB,2017Q4,2017,0.0226838908815659,678795000000.0,0.0205499363158428,0.0831840916628538
EIB,2018Q1,2018,0.0232055257641704,711638000000.0,0.019253260424118,0.0809361624024135
EIB,2018Q2,2018,0.0219881912519167,381231000000.0,0.0242792631020644,0.0887591994055237
EIB,2018Q3,2018,0.0206709599285414,365559000000.0,0.0230091351662618,0.0899833344858019
EIB,2018Q4,2018,0.0184282570067315,92246000000.0,0.0251131651365746,0.0936489237642993
EIB,2019Q1,2019,0.0187619576853779,343401000000.0,0.0229086946311405,0.0894290411993618
EIB,2019Q2,2019,0.0176935044040034,375833000000.0,0.0228865865096793,0.0953651715716882
EIB,2019Q3,2019,0.0170638623906662,483307000000.0,0.0205174399407264,0.0978397089006223
EIB,2019Q4,2019,0.0170692203469854,583000000000.0,0.0206213627981505,0.0970208762764685
EIB,2020Q1,2020,0.0185339089942797,422492000000.0,0.0219071485993748,0.0960198741217265
EIB,2020Q2,2020,0.0208369955558974,349571000000.0,0.0208915223533921,0.0911641341922852
EIB,2020Q3,2020,0.0245924059734163,598654000000.0,0.023532865633745,0.0945236120972635
EIB,2020Q4,2020,0.0251515356066623,636186000000.0,0.0229942021727087,0.0936585693005257
EIB,2021Q1,2021,0.0231053372771905,532782000000.0,0.0212203240208642,0.0865316587556109
EIB,2021Q2,2021,0.0201096727119549,462941000000.0,0.0251361343638053,0.0911990801766629
EIB,2021Q3,2021,0.0218405761687062,473154000000.0,0.0187743051317504,0.0826506024301364
EIB,2021Q4,2021,0.019597150651369,726313000000.0,0.0250568696215317,0.0841761833132819
EIB,2022Q1,2022,0.0197535568022496,967369000000.0,0.0306519655912651,0.0825543029190314
EIB,2022Q2,2022,0.0188199185475511,1223643000000.0,0.0339394624448089,0.0876341850873615
EIB,2022Q3,2022,0.0189592932212762,981777000000.0,0.034535862740292,0.0898366483797886
EIB,2022Q4,2022,0.0179812954253446,639867000000.0,0.0323549308469877,0.0934190837448783
EIB,2023Q1,2023,0.023427983088922,962801000000.0,0.0278979928235665,0.1005977887710417
EIB,2023Q2,2023,0.0274969073532327,712316000000.0,0.0243430217622835,0.1048994633732589
EIB,2023Q3,2023,0.026422127012346,476953000000.0,0.0189108837045989,0.0985892025689064
EIB,2023Q4,2023,0.0265353403490652,1261955000000.0,0.0295115118538618,0.097588477821018
EIB,2024Q1,2024,0.0285930472023461,942575000000.0,0.0277875666354394,0.0796683176896281
EIB,2024Q2,2024,0.026446312732773,1033855000000.0,0.0301555549546106,0.0753358090110994
EIB,2024Q3,2024,0.0270737998206083,1105634000000.0,0.0291797607037753,0.0722898606524357
EIB,2024Q4,2024,0.0253144719045176,2075425000000.0,0.0270557132270303,0.0718149665380398
EIB,2025Q1,2025,0.0258528296887968,958592000000.0,0.0228517045943353,0.0685785210797972
EVF,2017Q1,2017,0.0282866508985723,131124000000.0,,
EVF,2017Q2,2017,,56091000000.0,-0.0170701611161019,
EVF,2017Q3,2017,,113878000000.0,0.016082830349217,
EVF,2017Q4,2017,,230072000000.0,0.0295297289626791,
EVF,2018Q1,2018,,99872000000.0,0.0218884447249292,
EVF,2018Q2,2018,0.0450576895639228,34598000000.0,0.006677196711045,0.0
EVF,2018Q3,2018,0.0450806626133321,71154000000.0,0.0228073828900294,0.0814464934579976
EVF,2018Q4,2018,0.0376506519318736,69370000000.0,0.0264329334390977,0.0827550059747745
EVF,2019Q1,2019,0.0378257081790133,60781000000.0,0.0239621225883438,0.0825575807597514
EVF,2019Q2,2019,0.0449244170860015,71109000000.0,0.0255344214565651,0.082723730080686
EVF,2019Q3,2019,0.0463980012674775,140171000000.0,0.033719601004392,0.104001772402482
EVF,2019Q4,2019,0.0349550335659509,113489000000.0,0.036211025126365,0.1139232182398245
EVF,2020Q1,2020,0.0438329774953939,156074000000.0,0.0355136344189534,0.149744588471873
EVF,2020Q2,2020,0.0316470404131293,153480000000.0,0.0305640531601915,0.0522707213383334
EVF,2020Q3,2020,0.0351833709632368,141191000000.0,0.0288020300571352,0.1022372484576746
EVF,2020Q4,2020,0.0246482376867084,602643000000.0,0.1059538778406577,0.0913599598990215
EVF,2021Q1,2021,0.0279712197399667,154786000000.0,0.0284844507254183,0.0946332902120627
EVF,2021Q2,2021,0.0247850034061163,304301000000.0,0.024451058506976,0.0950183993915347
EVF,2021Q3,2021,0.0261014941961412,154176000000.0,0.0313593596099498,0.1057898728668177
EVF,2021Q4,2021,0.0259283200417045,306141000000.0,0.0285184823038654,0.1071745172802147
EVF,2022Q1,2022,0.0193685503920945,208381000000.0,0.0329023142765465,0.115849731329415
EVF,2022Q2,2022,0.0232946428019413,169176000000.0,0.0300489120735786,0.1174637766828901
EVF,2022Q3,2022,0.0211563851139076,165764000000.0,0.0215202365109188,0.1135945457753154
EVF,2022Q4,2022,0.0222497456939618,273505000000.0,0.0223100101301484,0.1294422197406794
EVF,2023Q1,2023,0.0242041700899391,146836000000.0,0.0079276991238494,0.1256574854505371
EVF,2023Q2,2023,0.0113810783743739,300389000000.0,0.0053654087213219,0.1175576459834528
EVF,2023Q3,2023,0.0140276437755933,187441000000.0,0.0236609620081986,0.1338898158623342
EVF,2023Q4,2023,0.012969748390237,162013000000.0,0.026761622143077,0.132960130093285
EVF,2024Q1,2024,0.0156626396170503,314487000000.0,0.0328540446843148,0.1332540399192646
EVF,2024Q2,2024,0.0071290534343203,491399000000.0,0.0333508787045226,0.1163490858558098
EVF,2024Q3,2024,0.007633458609742,264383000000.0,0.0328466495430801,0.1075849360670763
EVF,2024Q4,2024,0.0078613366985889,278810000000.0,0.0227379749797907,0.0882101652272985
EVF,2025Q1,2025,0.0165812718291799,372631000000.0,0.0312104251331303,0.1005263285378436
BVB,2018Q1,2018,,86736000000.0,,
BVB,2018Q2,2018,,89592000000.0,0.0249917167972494,
BVB,2018Q3,2018,,110887000000.0,0.0167663988428111,
BVB,2018Q4,2018,,-43649000000.0,0.0205468051695216,
BVB,2019Q1,2019,,18945000000.0,0.0177133563350409,
BVB,2019Q2,2019,,74867000000.0,0.0215697475536649,
BVB,2019Q3,2019,,99946000000.0,0.0249134775904892,
BVB,2019Q4,2019,,74765000000.0,0.021125270850899,
BVB,2020Q1,2020,0.0288867376573088,202076000000.0,0.025447397409511,0.1200682956979388
BVB,2020Q2,2020,0.0309512677469423,48183000000.0,0.0168792870910442,0.1065346147589906
BVB,2020Q3,2020,0.0298354223734976,138583000000.0,0.0220881988424798,0.1064061338344705
BVB,2020Q4,2020,0.0279063011293508,159548000000.0,0.0230989815191876,0.1056403598089858
BVB,2021Q1,2021,0.0283043379070326,151852000000.0,0.0227209702491408,0.1005457344652116
BVB,2021Q2,2021,0.0280896081154737,256387000000.0,0.0275851576172255,0.100785623865671
BVB,2021Q3,2021,0.0293895660506333,220130000000.0,0.0216598145109205,0.0968080301520758
BVB,2021Q4,2021,0.0253491894613866,53510000000.0,0.0212311457870376,0.0960385321109163
BVB,2022Q1,2022,0.0242382713043065,169189000000.0,0.0228351923263332,0.0973018021299188
BVB,2022Q2,2022,0.0273055505646314,246663000000.0,0.0233258256228682,0.0967558749475346
BVB,2022Q3,2022,0.0280227038261218,130333000000.0,0.0244295414708219,0.0999914870335791
BVB,2022Q4,2022,0.0278917816356035,134215000000.0,0.0211113646701957,0.1051021991181339
BVB,2023Q1,2023,0.0292551566898687,63261000000.0,0.0153772845886657,0.1149344292672474
BVB,2023Q2,2023,0.0438314278245826,73757000000.0,0.0194430121164836,0.1214893313359195
BVB,2023Q3,2023,0.0355813381719487,65518000000.0,0.0203494519635722,0.1201005294454764
BVB,2023Q4,2023,0.033142575089669,145585000000.0,0.0210519717925581,0.1102782471919081
BVB,2024Q1,2024,0.0390696583472037,175479000000.0,0.0233011044918615,0.0977471555783048
BVB,2024Q2,2024,0.0377419246569825,285927000000.0,0.0267990561728769,0.0908354993091499
BVB,2024Q3,2024,0.0465378611073337,169666000000.0,0.0233230495514778,0.0858484137246499
BVB,2024Q4,2024,0.0308539772358557,371355000000.0,0.031453552042348,0.0997054076183816
BVB,2025Q1,2025,0.0343414869516568,223906000000.0,0.0198285618802663,0.0864309635070703
HDB,2017Q1,2017,0.0150550543298329,592603000000.0,,
HDB,2017Q2,2017,0.015968311331233,722112000000.0,0.0353404030588793,0.1147502644552384
HDB,2017Q3,2017,0.0158648541502783,1350145000000.0,0.046107293577611,0.1215117705453654
HDB,2017Q4,2017,0.015151053053404,768665000000.0,0.0405501951427506,0.1214123670028245
HDB,2018Q1,2018,0.016262786286429,1293937000000.0,0.0405521205399073,0.1140863021629338
HDB,2018Q2,2018,0.0143066086313998,1263931000000.0,0.0414097143917368,0.1132864002232308
HDB,2018Q3,2018,0.0149872282858152,967922000000.0,0.0379080095355777,0.1131284606068419
HDB,2018Q4,2018,0.0153084038962915,1473105000000.0,0.0434740192336927,0.1161792942919518
HDB,2019Q1,2019,0.0144783747971706,1328364000000.0,0.0405138820023531,0.1122753201981404
HDB,2019Q2,2019,0.0144390165120839,1414665000000.0,0.0471446319551037,0.1163624303771908
HDB,2019Q3,2019,0.0149611945149839,1587010000000.0,0.0489225318791575,0.117033748728211
HDB,2019Q4,2019,0.0136454706132425,1977459000000.0,0.0542963966859321,0.1212299134444084
HDB,2020Q1,2020,0.014720677579527,1543086000000.0,0.0529350805752536,0.1210798580273913
HDB,2020Q2,2020,0.0155199541465891,2064891000000.0,0.0482589279190305,0.1153734168189671
HDB,2020Q3,2020,0.0183146251378678,1906061000000.0,0.0493166289695136,0.1211845651921283
HDB,2020Q4,2020,0.0132195330036112,2092569000000.0,0.0457316890812816,0.115125751262385
HDB,2021Q1,2021,0.0151368851775064,2536894000000.0,0.0441062870798227,0.1115112283413825
HDB,2021Q2,2021,0.0121305462680066,2571027000000.0,0.044792300246226,0.1135043290570427
HDB,2021Q3,2021,0.0139909699830895,2294331000000.0,0.0415927200078309,0.1094103563846424
HDB,2021Q4,2021,0.0165349052804996,2973225000000.0,0.0446485228591364,0.1040721051175297
HDB,2022Q1,2022,0.0157256351261433,3196823000000.0,0.0460272187448468,0.105804642265701
HDB,2022Q2,2022,0.0133226177924644,3548482000000.0,0.0514305423186394,0.1151462216018592
HDB,2022Q3,2022,0.0153785660894354,3393346000000.0,0.0499120393303776,0.1137822348903853
HDB,2022Q4,2022,0.0166916219722454,3197744000000.0,0.0532662849378026,0.1206716745252567
HDB,2023Q1,2023,0.0184575010337272,3698789000000.0,0.0488953249692766,0.1307205872381477
HDB,2023Q2,2023,0.0215027022737396,4174804000000.0,0.0461708826837848,0.1341887438363686
HDB,2023Q3,2023,0.0226396711419786,3783355000000.0,0.0440353619869918,0.1342332542522725
HDB,2023Q4,2023,0.0179379323138634,5627535000000.0,0.0600219866734254,0.1277375856778547
HDB,2024Q1,2024,0.0224307411258715,5297426000000.0,0.052742587624835,0.1148198143984472
HDB,2024Q2,2024,0.0209926732931794,5263236000000.0,0.0559533117825904,0.1132637313597745
HDB,2024Q3,2024,0.0189803907614325,5583895000000.0,0.0546148610698514,0.1130712782266677
HDB,2024Q4,2024,0.0193367776863569,5906872000000.0,0.053864070532878,0.1041374794694673
HDB,2025Q1,2025,0.0237127403956402,6680030000000.0,0.0456975033881865,0.1017307747717373
KLB,2017Q1,2017,0.0096168156686191,77428000000.0,,
KLB,2017Q2,2017,0.0097177080327463,86159000000.0,0.0377619335354002,0.1222861822945695
KLB,2017Q3,2017,0.0086268174379087,78661000000.0,0.0353916773452842,0.1213123450200833
KLB,2017Q4,2017,0.0082754235036076,78694000000.0,0.0348993070688678,0.122636625809983
KLB,2018Q1,2018,0.0088668128980823,74332000000.0,0.0248378405271793,0.1070225909599153
KLB,2018Q2,2018,0.0088860505388295,92760000000.0,0.0281434444324937,0.1078728062599837
KLB,2018Q3,2018,0.0101503078991194,79755000000.0,0.0293100634402984,0.1121606500568539
KLB,2018Q4,2018,0.0085724433847265,86343000000.0,0.0270471784907807,0.1123803239245394
KLB,2019Q1,2019,0.0099805362948822,76124000000.0,0.0279566071951595,0.111883638869055
KLB,2019Q2,2019,0.0114843660289717,96838000000.0,0.0303800470463432,0.1149751916434643
KLB,2019Q3,2019,0.0106894565157912,105321000000.0,0.028486555926513,0.113540946029026
KLB,2019Q4,2019,0.0102138478469529,-117075000000.0,0.0102922252196172,0.1308707729618763
KLB,2020Q1,2020,0.0662198699219406,125895000000.0,0.0246001853768247,0.1116986944232617
KLB,2020Q2,2020,0.0658800194620592,55821000000.0,0.0202589542524078,0.1104007194477227
KLB,2020Q3,2020,0.0663068598673684,46053000000.0,0.0187031244840627,0.1136624579430727
KLB,2020Q4,2020,0.054234166259628,-71969000000.0,0.0122990783279896,0.1048607581796152
KLB,2021Q1,2021,0.0156603712411048,736639000000.0,0.0653563878650856,0.2363784757952962
KLB,2021Q2,2021,0.0143022014568907,131455000000.0,0.0216037106303359,0.1138161441986385
KLB,2021Q3,2021,0.0199645530350765,63447000000.0,0.0180594722792994,0.1079946996091004
KLB,2021Q4,2021,0.0189170705476615,160111000000.0,0.0217557801427958,0.1160429908448696
KLB,2022Q1,2022,0.0207577050441652,220634000000.0,0.0225660978256616,0.1113428058879088
KLB,2022Q2,2022,0.0194573317315009,274906000000.0,0.0276428319652063,0.1209479629163103
KLB,2022Q3,2022,0.0195083410781789,347200000000.0,0.0326231136472506,0.1230593000512759
KLB,2022Q4,2022,0.0189030413111364,311517000000.0,0.0290185827503492,0.1398838232400928
KLB,2023Q1,2023,0.0185755795896893,289006000000.0,0.0314198496392057,0.1665119083903102
KLB,2023Q2,2023,0.0165363742252615,210139000000.0,0.0222580996542991,0.1607335589524091
KLB,2023Q3,2023,0.0214479688700396,328901000000.0,0.0233320019053113,0.1462607858758213
KLB,2023Q4,2023,0.0193416757281899,308521000000.0,0.0275919069150402,0.1305696350161645
KLB,2024Q1,2024,0.024580135549596,325414000000.0,0.030714175477965,0.1167332853121289
KLB,2024Q2,2024,0.019824921200955,582100000000.0,0.0448481737347819,0.1134133249633489
KLB,2024Q3,2024,0.0194143171749015,347134000000.0,0.0410401942019275,0.1109131179228578
KLB,2024Q4,2024,0.0201943097682346,680358000000.0,0.0376033381672583,0.1007473581031517
KLB,2025Q1,2025,0.0216522440603811,554693000000.0,0.039241927148005,0.1072249294271318
LPB,2017Q1,2017,0.0134679240163344,702184000000.0,,
LPB,2017Q2,2017,0.0131396369162112,573841000000.0,0.0386066949840934,0.0987824790920114
LPB,2017Q3,2017,0.0119358301802692,631274000000.0,0.0395629439296439,0.0998659970074514
LPB,2017Q4,2017,0.0106725880409578,374760000000.0,0.0356561906255381,0.1012101661447155
LPB,2018Q1,2018,0.0106682665114662,568541000000.0,0.030054356557222,0.1001972845240156
LPB,2018Q2,2018,0.0102754967949332,245656000000.0,0.027341583467046,0.1017898379324123
LPB,2018Q3,2018,0.0132281966796429,551700000000.0,0.0309526910364035,0.1023163203297601
LPB,2018Q4,2018,0.0140985546316716,465479000000.0,0.0350284354700084,0.1056127622499051
LPB,2019Q1,2019,0.0135899110408163,644918000000.0,0.0329654978234045,0.1031387045271567
LPB,2019Q2,2019,0.0147574827739836,661068000000.0,0.0352892285770233,0.1084565303753301
LPB,2019Q3,2019,0.0147702868658083,643706000000.0,0.0336229529220998,0.108878952657125
LPB,2019Q4,2019,0.0144484703836946,527896000000.0,0.0331010120468034,0.1064460927673814
LPB,2020Q1,2020,0.0143904204447415,566339000000.0,0.029694794852289,0.1052108004077416
LPB,2020Q2,2020,0.0164538253098035,654007000000.0,0.0295305040047792,0.0996699496386727
LPB,2020Q3,2020,0.0164053849028262,842744000000.0,0.0359349302387349,0.1017392281611883
LPB,2020Q4,2020,0.0143094044884764,1062850000000.0,0.0371080440035431,0.1028434486909685
LPB,2021Q1,2021,0.0143340730919352,1321877000000.0,0.0352187036352391,0.1003133399819349
LPB,2021Q2,2021,0.0133690061191065,1331438000000.0,0.0363246452171406,0.1010602978451071
LPB,2021Q3,2021,0.0142099139897205,1037170000000.0,0.0331233410804718,0.0973144629627242
LPB,2021Q4,2021,0.0132924767758605,1270425000000.0,0.0419525713576655,0.1018731799294157
LPB,2022Q1,2022,0.0142165478627413,2107074000000.0,0.0412704395243664,0.1018029803104638
LPB,2022Q2,2022,0.0140270562670643,2430616000000.0,0.042576507134504,0.1013483331350911
LPB,2022Q3,2022,0.0139943455934561,2151843000000.0,0.0427283256533644,0.1044339939795771
LPB,2022Q4,2022,0.0145508196234325,2173886000000.0,0.0354015961674096,0.1015732209428211
LPB,2023Q1,2023,0.0145452446387694,1789548000000.0,0.0342550500084921,0.1125817508555352
LPB,2023Q2,2023,0.0242974727042005,1406304000000.0,0.0295780822664632,0.113606426185139
LPB,2023Q3,2023,0.027946893636363,1773389000000.0,0.0307442565206529,0.111787737314509
LPB,2023Q4,2023,0.0133922926377421,4896192000000.0,0.0370422673570285,0.1107079853135509
LPB,2024Q1,2024,0.0138672116577303,3101175000000.0,0.0357213549811977,0.0999680981927403
LPB,2024Q2,2024,0.0172731603125949,3586882000000.0,0.0348513190624589,0.0917605638182785
LPB,2024Q3,2024,0.0196142756322307,3531348000000.0,0.034365072908205,0.0917794684217699
LPB,2024Q4,2024,0.015677153192936,3902582000000.0,0.0380738526083188,0.0931034307585877
LPB,2025Q1,2025,0.0172866132835256,3373772000000.0,0.02644500617965,0.0840473795392015
MBB,2017Q1,2017,0.0133455898996261,1691106000000.0,,
MBB,2017Q2,2017,0.0128346656660062,2155032000000.0,0.0437618576087237,0.0829297027877671
MBB,2017Q3,2017,0.0132966395761102,2092074000000.0,0.0422498404297739,0.0846350793713453
MBB,2017Q4,2017,0.0118574245675381,1929625000000.0,0.0452641458287886,0.0885799645775693
MBB,2018Q1,2018,0.0140926929566713,2610701000000.0,0.0446552356564152,0.0883990216425854
MBB,2018Q2,2018,0.0128352845459954,2863793000000.0,0.0460476994135991,0.0902943495121409
MBB,2018Q3,2018,0.0157082214306535,2831072000000.0,0.0452803305481244,0.0925743924982323
MBB,2018Q4,2018,0.0132123359460705,2499538000000.0,0.0495934037787423,0.096718581730588
MBB,2019Q1,2019,0.0140993315607235,3388636000000.0,0.0467903913582161,0.0959360649970452
MBB,2019Q2,2019,0.0125601778656217,3850902000000.0,0.0473061705677336,0.0966451977327674
MBB,2019Q3,2019,0.015415007152078,4053177000000.0,0.0483848779322827,0.1007859756746951
MBB,2019Q4,2019,0.0115752438326332,3634027000000.0,0.0509542198439071,0.1017831036416868
MBB,2020Q1,2020,0.0161518014207839,4288282000000.0,0.0483121517862961,0.0980242330155503
MBB,2020Q2,2020,0.0136864306111357,4139854000000.0,0.0471061219225552,0.0905947573416233
MBB,2020Q3,2020,0.015021897627195,3899117000000.0,0.0514967243803982,0.091481857399161
MBB,2020Q4,2020,0.0108878271826168,4479463000000.0,0.0533036105428865,0.0910011048369191
MBB,2021Q1,2021,0.0129126844720741,6388915000000.0,0.0503028952090627,0.0867509982718873
MBB,2021Q2,2021,0.0076441737779199,5837818000000.0,0.053971471348703,0.088881928651795
MBB,2021Q3,2021,0.0094714389926851,5676461000000.0,0.0512309998411296,0.0856361038233625
MBB,2021Q4,2021,0.0089891130518988,6654116000000.0,0.0521921094358365,0.0863008850705454
MBB,2022Q1,2022,0.0099385085732018,8035185000000.0,0.0560078893954181,0.0886881312961782
MBB,2022Q2,2022,0.0119765576956701,7361325000000.0,0.0573736147750091,0.0909553076353931
MBB,2022Q3,2022,0.0103582236703328,7257472000000.0,0.057712061689211,0.0915782177782374
MBB,2022Q4,2022,0.0109239530122296,8123015000000.0,0.0581932734295239,0.1035072588053151
MBB,2023Q1,2023,0.017560284872937,8361814000000.0,0.0572016182338359,0.1072386414330834
MBB,2023Q2,2023,0.0144381586004311,7425667000000.0,0.0502752089761538,0.1077290844019908
MBB,2023Q3,2023,0.018852818382513,8731191000000.0,0.0501633444173235,0.1023675600932664
MBB,2023Q4,2023,0.0160456211003627,7874449000000.0,0.042962118399747,0.092777580990591
MBB,2024Q1,2024,0.0248561698446538,8502406000000.0,0.0403795387948137,0.0834127795670067
MBB,2024Q2,2024,0.0163595479286651,9638744000000.0,0.0457703388485501,0.082346877792299
MBB,2024Q3,2024,0.0223422141330837,8947866000000.0,0.0423629915849594,0.0789956705366148
MBB,2024Q4,2024,0.0162046029211169,11316956000000.0,0.0423253740992425,0.0794677002680399
MBB,2025Q1,2025,0.018409454666924,11372739000000.0,0.041878464982025,0.0785435159146637
MSB,2017Q1,2017,0.0274845431049232,34011000000.0,,
MSB,2017Q2,2017,0.0345398822676858,851908000000.0,0.0201514642374681,0.319327196321172
MSB,2017Q3,2017,0.0257574857164657,148469000000.0,0.0212716252289921,0.1649086279217079
MSB,2017Q4,2017,0.0222681526976873,147401000000.0,0.0189177378236075,-0.0878897707877788
MSB,2018Q1,2018,0.0251570436768035,314872000000.0,0.0182278810698107,0.0903385157810022
MSB,2018Q2,2018,0.0240049019471511,408816000000.0,0.0240789425032097,0.1168740547274552
MSB,2018Q3,2018,0.0248571220472456,345285000000.0,0.0207784662126724,0.0614523033906224
MSB,2018Q4,2018,0.0300622348319785,721574000000.0,0.0444050660019947,0.0883590141363561
MSB,2019Q1,2019,0.0319475362443886,171043000000.0,0.0211950655275239,0.0926820185020203
MSB,2019Q2,2019,0.0292387917850579,654630000000.0,0.0192919264564808,0.0880356923057923
MSB,2019Q3,2019,0.0287651988740119,1002966000000.0,0.027523116175226,0.0923868161771866
MSB,2019Q4,2019,0.0204490053359896,384335000000.0,0.0311910062090841,0.0988048673023895
MSB,2020Q1,2020,0.0218193834697436,368834000000.0,0.0267733740356418,0.0938324490509566
MSB,2020Q2,2020,0.0222648879708251,1093690000000.0,0.0312708752201806,0.0980323597270858
MSB,2020Q3,2020,0.0231865256167108,1083765000000.0,0.0358855209790173,0.078814985164071
MSB,2020Q4,2020,0.0196324002122545,1050270000000.0,0.0407775827930882,0.0870448299551731
MSB,2021Q1,2021,0.0185941231638294,1351147000000.0,0.0357391483950611,0.0833100858595642
MSB,2021Q2,2021,0.020185448885832,2213306000000.0,0.0364512175459631,0.0772905474934892
MSB,2021Q3,2021,0.0194574289701343,1596284000000.0,0.0389202385309734,0.0840657010616647
MSB,2021Q4,2021,0.017415789308839,1495590000000.0,0.0375736106157186,0.083887256130038
MSB,2022Q1,2022,0.0178804551571754,1665630000000.0,0.0426492569583654,0.0837104305957401
MSB,2022Q2,2022,0.0150492830488377,1725917000000.0,0.0452187111783794,0.0865954687792362
MSB,2022Q3,2022,0.0149887991034896,1842126000000.0,0.0485963700586556,0.0948353466152279
MSB,2022Q4,2022,0.0170483141153133,1032039000000.0,0.0447567213202222,0.1037228234663513
MSB,2023Q1,2023,0.0202262889163595,1929710000000.0,0.0417964029426795,0.1142115514853964
MSB,2023Q2,2023,0.0255975365418909,2521244000000.0,0.0403763121114447,0.117869635890854
MSB,2023Q3,2023,0.0293716381323751,2091062000000.0,0.0429629506747428,0.1133045908278807
MSB,2023Q4,2023,0.0287023897608203,934648000000.0,0.0391758778512446,0.0956995709544081
MSB,2024Q1,2024,0.0317619901411124,2070696000000.0,0.0365839929784392,0.0799311608302181
MSB,2024Q2,2024,0.0308461785805478,2784871000000.0,0.0342280059428154,0.0741663614817315
MSB,2024Q3,2024,0.0287956507098681,1769973000000.0,0.0334015902682528,0.0823106507656435
MSB,2024Q4,2024,0.0267502333556841,2362765000000.0,0.041876917217821,0.0840939530637085
MSB,2025Q1,2025,0.0256842346670413,2023912000000.0,0.0327441372217085,0.0869207802401687
NAB,2018Q1,2018,,151904000000.0,,
NAB,2018Q2,2018,0.0094679312559568,204214000000.0,0.0298715151334866,0.0
NAB,2018Q3,2018,,125464000000.0,0.0279847856064859,
NAB,2018Q4,2018,0.0154427397119985,160239000000.0,0.0300309630445066,0.121226050385166
NAB,2019Q1,2019,0.0137214568698667,300739000000.0,0.0362393675184992,0.1189059688479974
NAB,2019Q2,2019,0.0261253076089359,186900000000.0,0.0192513582850321,0.0956844527385425
NAB,2019Q3,2019,0.023741067339617,132535000000.0,0.0234456946450387,0.1044405486596937
NAB,2019Q4,2019,0.0197460819573392,292230000000.0,0.0314926331801354,0.1166266690898803
NAB,2020Q1,2020,0.01982160078346,142648000000.0,0.0202980851567294,0.1041568827524706
NAB,2020Q2,2020,0.0293348812686836,334897000000.0,0.0243089773978159,0.1088392352401415
NAB,2020Q3,2020,0.0228265383603863,269711000000.0,0.0259449758128163,0.1070246521464359
NAB,2020Q4,2020,0.0083408826337546,816438000000.0,0.0288468497300302,0.1110687439987429
NAB,2021Q1,2021,0.0094666327453435,460699000000.0,0.0285063954790117,0.103295664782178
NAB,2021Q2,2021,0.014205980179115,789187000000.0,0.0360517040972651,0.1114430152695473
NAB,2021Q3,2021,0.0189473742015503,464576000000.0,0.0255438415616264,0.0986896789361811
NAB,2021Q4,2021,0.0157144245171897,864480000000.0,0.0358336200996049,0.1093061725387723
NAB,2022Q1,2022,0.0150792268365365,695078000000.0,0.0286431568537451,0.0949922504974402
NAB,2022Q2,2022,0.0135597606329557,723694000000.0,0.0308146546545384,0.1004622654547305
NAB,2022Q3,2022,0.0203134820909185,870730000000.0,0.0329933821075087,0.1053818670570146
NAB,2022Q4,2022,0.0134788386721783,838386000000.0,0.0331282931707923,0.1121061983839003
NAB,2023Q1,2023,0.0201402526203604,984419000000.0,0.0345233361952801,0.1271659069374
NAB,2023Q2,2023,0.0272063011651731,991061000000.0,0.0322265526778979,0.1369418962863718
NAB,2023Q3,2023,0.0283668660908218,405038000000.0,0.0267287739047112,0.1289302854111313
NAB,2023Q4,2023,0.0211337312463731,1771238000000.0,0.0445359044812162,0.1370983188044297
NAB,2024Q1,2024,0.0266046564160136,1108558000000.0,0.0331894718963454,0.1041759671893639
NAB,2024Q2,2024,0.0256510151935985,1459075000000.0,0.0408821169629261,0.1038682766883486
NAB,2024Q3,2024,0.0285175400242279,1321015000000.0,0.035128287309097,0.0961069934309371
NAB,2024Q4,2024,0.0233040758201017,1177652000000.0,0.0341078773713139,0.094063448516477
NAB,2025Q1,2025,0.0248544753349351,1464651000000.0,0.0341502988490888,0.0968228938283759
BAB,2017Q1,2017,0.0081869092218137,178972000000.0,,
BAB,2017Q2,2017,0.0078639003437532,362542000000.0,0.0244754650294637,0.0997037889744645
BAB,2017Q3,2017,0.0068494981227915,238175000000.0,0.0206813504457336,0.0971601667314811
BAB,2017Q4,2017,0.0063284079842526,261996000000.0,0.0209669398092185,0.1032879361619469
BAB,2018Q1,2018,0.0076866192792339,305977000000.0,0.0204112335217434,0.0981626409637139
BAB,2018Q2,2018,0.0073231747026699,337314000000.0,0.0212759144332456,0.1010885923178709
BAB,2018Q3,2018,0.0070756594013757,173761000000.0,0.0151919932669629,0.1007973673571804
BAB,2018Q4,2018,0.00762862555089,299882000000.0,0.0213684722600297,0.1019545423087444
BAB,2019Q1,2019,0.0042535725897716,244945000000.0,0.0172366928192669,0.1014821790738314
BAB,2019Q2,2019,0.0072470541022617,304364000000.0,0.0226245356616154,0.1078509882995432
BAB,2019Q3,2019,0.0072107566612463,238600000000.0,0.0201184866267689,0.1137327522253672
BAB,2019Q4,2019,0.0068305964288552,302342000000.0,0.0215080085409307,0.1103816802715668
BAB,2020Q1,2020,0.0079001515197592,222782000000.0,0.0168029459875846,0.1087323878980123
BAB,2020Q2,2020,0.0080333120354129,292603000000.0,0.0191790740197489,0.1109025237137925
BAB,2020Q3,2020,0.0080771233854795,183739000000.0,0.0177050399169545,0.1122081262917346
BAB,2020Q4,2020,0.0079052952676246,291917000000.0,0.0211704149979903,0.1108542342987727
BAB,2021Q1,2021,0.0041980150263716,229847000000.0,0.016579850282742,0.1051783237517311
BAB,2021Q2,2021,0.0082043139387422,262290000000.0,0.0216871923038434,0.1088799425193504
BAB,2021Q3,2021,0.0082112880039643,260648000000.0,0.019904081090477,0.1062994802955744
BAB,2021Q4,2021,0.0077460467652695,399169000000.0,0.0198138814834257,0.1032836125718689
BAB,2022Q1,2022,0.0075206878527668,253412000000.0,0.018456127641545,0.0974918433999227
BAB,2022Q2,2022,0.0073526489999714,231275000000.0,0.0171739632156229,0.0978974641675917
BAB,2022Q3,2022,0.0058603813317499,303274000000.0,0.0211100850164444,0.1006642942580143
BAB,2022Q4,2022,0.0053071591128828,363523000000.0,0.0276520885830156,0.1104391192145405
BAB,2023Q1,2023,0.0056628065283392,325843000000.0,0.0182495929595899,0.1196930345356323
BAB,2023Q2,2023,0.0070287507919407,172153000000.0,0.0197685495989557,0.1166452644619995
BAB,2023Q3,2023,0.0077285066451274,105198000000.0,0.0125896907546575,0.1114417369647614
BAB,2023Q4,2023,0.0091700605809633,610207000000.0,0.0206554596194695,0.1136648332105767
BAB,2024Q1,2024,0.011117959940732,339304000000.0,0.0222835173667132,0.1039748453743258
BAB,2024Q2,2024,0.0148207456580903,324473000000.0,0.0250892550118441,0.0995771011377781
BAB,2024Q3,2024,0.013273544622685,312296000000.0,0.0198338630577607,0.099435151745221
BAB,2024Q4,2024,0.0124064464840169,435618000000.0,0.0215062570424106,0.096298070649858
BAB,2025Q1,2025,0.0126434523780183,421443000000.0,0.0212002773063832,0.0901389733523411
NVB,2017Q1,2017,0.0180350657276925,11686000000.0,,
NVB,2017Q2,2017,0.0220722689842387,68482000000.0,0.0179194786316226,0.2398007023155817
NVB,2017Q3,2017,0.0237233571064438,28153000000.0,0.0173228214872591,0.1166659204032137
NVB,2017Q4,2017,0.0153317351480287,157335000000.0,0.0298907812640591,0.132009823187857
NVB,2018Q1,2018,,13469000000.0,0.0150911826173312,
NVB,2018Q2,2018,0.0212585571274304,93084000000.0,0.0173133494336903,0.0
NVB,2018Q3,2018,,4635000000.0,0.0171266956329966,
NVB,2018Q4,2018,,115996000000.0,0.0164555228651378,
NVB,2019Q1,2019,0.0272396273187462,13314000000.0,0.0119666549281908,0.1075003400549803
NVB,2019Q2,2019,0.0274892409118781,60273000000.0,0.0203181477178936,0.1140939929795691
NVB,2019Q3,2019,0.0257181961664495,53534000000.0,0.0168737952201349,0.1168244535839773
NVB,2019Q4,2019,0.0192581742896571,252049000000.0,0.0292708750170229,0.122267683114257
NVB,2020Q1,2020,0.0228476166325716,64973000000.0,0.0151567079878501,0.1180002180745789
NVB,2020Q2,2020,0.0209257388716176,124514000000.0,0.0170578666180753,0.1188200020579542
NVB,2020Q3,2020,0.0179821864845192,177314000000.0,0.0241215331255051,0.1197741438295756
NVB,2020Q4,2020,0.0151025200832122,485445000000.0,0.0379884703128442,0.1319311128176588
NVB,2021Q1,2021,0.014905333036775,207296000000.0,0.024829541693026,0.1218579386305401
NVB,2021Q2,2021,0.0147582442506265,111993000000.0,0.016414321552629,0.1007657571979575
NVB,2021Q3,2021,0.019360493475076,211933000000.0,0.0279466832001121,0.0966170224377227
NVB,2021Q4,2021,0.0300234874337075,220292000000.0,0.0114949313896933,0.1024080756723971
NVB,2022Q1,2022,0.0373101380751026,172096000000.0,0.0180612020090508,0.1017383250350554
NVB,2022Q2,2022,0.1104711174414824,53969000000.0,0.0130475578166386,0.0942305321587733
NVB,2022Q3,2022,0.1472020005062465,-151391000000.0,-0.0001378608988698,0.0813640552052302
NVB,2022Q4,2022,0.1792976206309368,234639000000.0,0.0278090079170514,0.1254334437614797
NVB,2023Q1,2023,0.229953818886691,45640000000.0,0.0145541167460413,0.1297036513504268
NVB,2023Q2,2023,0.2564796914202881,9419000000.0,0.0124165452268365,0.1305560281859205
NVB,2023Q3,2023,0.2633487585920051,-222311000000.0,0.0003933985735599,0.1109201714123478
NVB,2023Q4,2023,0.297573394197942,-352317000000.0,-0.0010699202228122,0.0932271215578954
NVB,2024Q1,2024,0.2898494671311308,-31985000000.0,0.0111145899374374,0.0892403889692668
NVB,2024Q2,2024,0.3527846092174629,100922000000.0,0.0132202522995916,0.0809549938958483
NVB,2024Q3,2024,0.3061210225128958,-28049000000.0,0.0123940530600877,0.0792579505751052
NVB,2024Q4,2024,0.1953968206689116,-4905434000000.0,-0.1017835022438976,-0.0832821518794763
NVB,2025Q1,2025,0.140368674996907,216289000000.0,0.0176201087251496,0.0900135665669019
OCB,2018Q1,2018,,759250830639.0,,
OCB,2018Q2,2018,,957306878641.0,0.0423095524747695,
OCB,2018Q3,2018,,677569988490.0,0.0387161483498134,
OCB,2018Q4,2018,,752277551407.0,0.0427885979119777,
OCB,2019Q1,2019,,694343057355.0,0.0372322852370798,
OCB,2019Q2,2019,,866314855080.0,0.0394235644734697,
OCB,2019Q3,2019,,1013908595139.0,0.0418247545331649,
OCB,2019Q4,2019,,1589897600079.0,0.0423185266951306,
OCB,2020Q1,2020,,1477108941541.0,0.041225331726761,
OCB,2020Q2,2020,,1044981232209.0,0.0382451550345134,
OCB,2020Q3,2020,,929365932579.0,0.0351107991156006,
OCB,2020Q4,2020,0.0169039156120792,2232277533080.0,0.0466925170416761,0.117034734141358
OCB,2021Q1,2021,0.016940249394555,1467246637401.0,0.0365981339179282,0.1015360790887701
OCB,2021Q2,2021,0.0153020658879358,1586973377497.0,0.0368053158974267,0.1025742645662626
OCB,2021Q3,2021,0.0151011417861372,1374560748822.0,0.0343120525709618,0.1001487945892029
OCB,2021Q4,2021,0.0132242085592708,2087448714200.0,0.0368582911854661,0.0995135386187812
OCB,2022Q1,2022,0.0216940125970374,1270419213308.0,0.0380339493926301,0.1034324150748082
OCB,2022Q2,2022,0.0195605333530622,1030325269532.0,0.0385062363719816,0.1032784878982736
OCB,2022Q3,2022,0.0246613944221829,1267658540234.0,0.0392073862575229,0.1072081360215782
OCB,2022Q4,2022,0.0222948629024172,1888366117386.0,0.0404065423689206,0.1160889274446833
OCB,2023Q1,2023,0.0331792351682048,1326206618127.0,0.037928512832938,0.1265690263211725
OCB,2023Q2,2023,0.0318352240444238,1705401642516.0,0.0375777501779331,0.1292277981837902
OCB,2023Q3,2023,0.0374245017580525,1666396354003.0,0.0371811646818752,0.1209695998369099
OCB,2023Q4,2023,0.0275489529301481,1655710346177.0,0.0346694986074191,0.1099698395664142
OCB,2024Q1,2024,0.0287341702256385,1418472890865.0,0.0336238081247647,0.0984919094692365
OCB,2024Q2,2024,0.0312187236235442,1317234031546.0,0.0349297304298969,0.0900865211384632
OCB,2024Q3,2024,0.0319030817209624,1373309962121.0,0.0340601160397757,0.0874146269701403
OCB,2024Q4,2024,0.0316552444317642,2156305375430.0,0.0403606084290724,0.097491728755852
OCB,2025Q1,2025,0.0391163884616235,1271234395613.0,0.0316393378743929,0.0848378940270591
PGB,2018Q1,2018,,102111000000.0,,
PGB,2018Q2,2018,,131913734209.0,0.0318337337973754,
PGB,2018Q3,2018,,92541000000.0,0.0304886398333071,
PGB,2018Q4,2018,,383714000000.0,0.0344883672186124,
PGB,2019Q1,2019,,101868000000.0,0.0299317193757241,
PGB,2019Q2,2019,,160253975061.0,0.0298312578605091,
PGB,2019Q3,2019,,111383000000.0,0.0283503180938875,
PGB,2019Q4,2019,,202643000000.0,0.0331416225977593,
PGB,2020Q1,2020,,89731000000.0,0.0251938468086275,
PGB,2020Q2,2020,,138540000000.0,0.0268412203130922,
PGB,2020Q3,2020,,160851000000.0,0.0307161353295541,
PGB,2020Q4,2020,0.024400561334818,105136000000.0,0.0302005188742257,0.0868313245830205
PGB,2021Q1,2021,0.0257956965254756,144585000000.0,0.030124434463362,0.0815801971686909
PGB,2021Q2,2021,0.0267307003867156,125901000000.0,0.0046005884695732,0.0784447235015824
PGB,2021Q3,2021,0.0275415152089009,95250000000.0,0.0227641709686048,0.0785733326835927
PGB,2021Q4,2021,0.0224458473695033,138851000000.0,0.0271230210876176,0.0787922446339622
PGB,2022Q1,2022,0.0250503975341088,195412000000.0,0.0247540670140993,0.0765731113622508
PGB,2022Q2,2022,0.0267380432276609,192390000000.0,0.0327284541464134,0.0865407503789162
PGB,2022Q3,2022,0.0298004486146578,219225000000.0,0.0317091346061174,0.0802748560197737
PGB,2022Q4,2022,0.0256289610292244,170729000000.0,0.02874729818222,0.0805594559629991
PGB,2023Q1,2023,0.0246573188046472,204505000000.0,0.0291128516113622,0.090031954042753
PGB,2023Q2,2023,0.0307039412864077,185891000000.0,0.0298154185935299,0.0972844058895999
PGB,2023Q3,2023,0.0261144322857869,113831000000.0,0.0239793105291787,0.095653933246347
PGB,2023Q4,2023,0.0256260561054854,86649000000.0,0.0274645678445313,0.0949640686520559
PGB,2024Q1,2024,0.0293458938490866,158054000000.0,0.0269178340971055,0.0847644495733811
PGB,2024Q2,2024,0.0352788883661575,240773000000.0,0.0290575024952233,0.0806693500863654
PGB,2024Q3,2024,0.0318544570048637,223571000000.0,0.0278259329211741,0.0801292102605999
PGB,2024Q4,2024,0.0257276311786247,220803000000.0,0.025722285931359,0.0794356098912478
PGB,2025Q1,2025,0.0271046271429039,242455000000.0,0.025273854494098,0.079478328141179
SSB,2017Q1,2017,0.0089598081223807,110875000000.0,,
SSB,2017Q2,2017,,288175000000.0,0.0214776842858043,0.102126292334482
SSB,2017Q3,2017,0.0089502550897996,287149000000.0,0.0193918795448067,0.092760353176043
SSB,2017Q4,2017,,241024000000.0,0.0209031547691636,
SSB,2018Q1,2018,0.0080065032535433,215282000000.0,0.0181500130781448,0.0902420585133254
SSB,2018Q2,2018,0.0096852040480516,406460000000.0,0.0234435077441135,0.0890537639942025
SSB,2018Q3,2018,0.0097169108205751,333124000000.0,0.0133784648126239,0.0889332037017754
SSB,2018Q4,2018,0.0150846216368151,223955000000.0,0.0168295341045891,0.0926417269698805
SSB,2019Q1,2019,0.0144733363159176,263873000000.0,0.0196565461708361,0.0914665749939632
SSB,2019Q2,2019,0.0134453551544288,467915000000.0,0.0222432806901288,0.0944078272172384
SSB,2019Q3,2019,0.0130782626281096,521470000000.0,0.0232135760421038,0.0965617456960251
SSB,2019Q4,2019,0.0231205784413281,1969205000000.0,0.0174090258703458,0.0939190776033196
SSB,2020Q1,2020,0.023384128308126,458326000000.0,0.0176938523083199,0.0885727652987246
SSB,2020Q2,2020,0.0223484294625172,500979000000.0,0.0190734240551933,0.0919493659344917
SSB,2020Q3,2020,0.0223137318290904,637636000000.0,0.0191577183166358,0.0881996491323548
SSB,2020Q4,2020,0.0185631963101128,809371000000.0,0.0235406654659081,0.0917442006227378
SSB,2021Q1,2021,0.0180084601149312,853892000000.0,0.02539375070937,0.0850211284810411
SSB,2021Q2,2021,0.0176015767391116,1120441000000.0,0.0299132850695892,0.0887194152682159
SSB,2021Q3,2021,0.0168472934442971,1353994000000.0,0.0309233432705328,0.0906672614357436
SSB,2021Q4,2021,0.0164953316710212,1178049000000.0,0.0272348002963941,0.0790890954228492
SSB,2022Q1,2022,0.0164076451111633,1664603000000.0,0.0291879714069824,0.0855934924924492
SSB,2022Q2,2022,0.01600798072483,1838391000000.0,0.0309806272316584,0.0880581935182509
SSB,2022Q3,2022,0.0159370534885015,1369274000000.0,0.0322566315266622,0.0954856707351047
SSB,2022Q4,2022,0.015979274129194,1371456000000.0,0.034927601731104,0.0984000645960635
SSB,2023Q1,2023,0.0159899268975947,1433117000000.0,0.0316340421099511,0.107507253735961
SSB,2023Q2,2023,0.0172999128323865,1100102000000.0,0.0259641916456806,0.1060603357897121
SSB,2023Q3,2023,0.0187344997851707,1484792000000.0,0.0280591585599188,0.1038192853701498
SSB,2023Q4,2023,0.0193766916268303,1798632000000.0,0.0362238657778995,0.1050322335668912
SSB,2024Q1,2024,0.0196081554608859,1795157000000.0,0.0311942123200225,0.0965617822257229
SSB,2024Q2,2024,0.0190954559362555,2355701000000.0,0.0416038831925851,0.1002348533949712
SSB,2024Q3,2024,0.0187210212012608,2048749000000.0,0.0409119186677403,0.0979719750840089
SSB,2024Q4,2024,0.0189121957997368,2079174000000.0,0.0324039775785034,0.0863714951555404
SSB,2025Q1,2025,0.0183745921090317,4785913000000.0,0.0303253911611666,0.0859142062475302
SGB,2018Q1,2018,0.0400543482695156,109750000000.0,,
SGB,2018Q2,2018,0.0647576492711329,79436000000.0,0.0347471572540908,0.0997970479785076
SGB,2018Q3,2018,0.0639900825726769,91261000000.0,0.0314652049902875,0.0957255585638839
SGB,2018Q4,2018,0.0220137386175025,115660000000.0,0.0369507269161171,0.1057965072043074
SGB,2019Q1,2019,0.0240445612992178,66215000000.0,0.0336507438769605,0.1014788803108895
SGB,2019Q2,2019,0.0224769222198952,66361000000.0,0.0323655185267197,0.1014193145189591
SGB,2019Q3,2019,0.0202288575829962,143194000000.0,0.0419304841066433,0.114114941134669
SGB,2019Q4,2019,0.0193931407751527,102549000000.0,0.0393180545807282,0.1166606051424017
SGB,2020Q1,2020,0.0265302507550536,41761000000.0,0.0303651743768526,0.1044978473713977
SGB,2020Q2,2020,0.0227331138427266,89910000000.0,0.0337107139896776,0.1083401837718936
SGB,2020Q3,2020,0.0213754459545264,72762000000.0,0.0269053088935233,0.1106412644752358
SGB,2020Q4,2020,0.0144401539402688,75660000000.0,0.0265166474826903,0.1042057368443395
SGB,2021Q1,2021,0.01577659739958,54697000000.0,0.0264234475910267,0.0979364866569724
SGB,2021Q2,2021,0.0143191940828777,113462000000.0,0.0311309064285122,0.1028686927803191
SGB,2021Q3,2021,0.0204934068794493,68833000000.0,0.0273041691356902,0.0969181793871139
SGB,2021Q4,2021,0.0197116870728091,72593000000.0,0.0244737985235261,0.0990559957269664
SGB,2022Q1,2022,0.0238892634880452,176799000000.0,0.0373032349952605,0.0994770475830193
SGB,2022Q2,2022,0.018935863337523,180124000000.0,0.0414312154678459,0.1014710534345181
SGB,2022Q3,2022,0.0213412002017255,80959000000.0,0.0359419709993397,0.102552350720648
SGB,2022Q4,2022,0.0212459761894507,49572000000.0,0.0335672821936797,0.1062740386127114
SGB,2023Q1,2023,0.0234039559868728,136540000000.0,0.0347755992001039,0.119491300407613
SGB,2023Q2,2023,0.0230028764095546,132100000000.0,0.0380933372188197,0.1241469376427669
SGB,2023Q3,2023,0.0222940089587387,80145000000.0,0.0308166168298339,0.1177829607378153
SGB,2023Q4,2023,0.02025864488861,252365000000.0,0.0308924113267876,0.1317552334560267
SGB,2024Q1,2024,0.02376379640793,74772000000.0,0.0249820244159554,0.0980906502541892
SGB,2024Q2,2024,0.025506247154529,120072000000.0,0.0302015943358947,0.0939578953359551
SGB,2024Q3,2024,0.0284651360898403,136877000000.0,0.0325207726770671,0.0944265302742519
SGB,2024Q4,2024,0.0266156691891527,-61239000000.0,0.0068950192088712,0.0867312295956368
SGB,2025Q1,2025,0.0327686637419329,164345000000.0,0.0277181345454098,0.0840974315423821
SHB,2017Q1,2017,0.0191959105463509,498706000000.0,,
SHB,2017Q2,2017,0.0189591347310649,480716000000.0,0.0149936107918854,0.0879975824687554
SHB,2017Q3,2017,0.0191507999246803,1149225000000.0,0.0120674477451157,0.0800827238275196
SHB,2017Q4,2017,0.0190497325033413,1730537000000.0,0.0342293363964234,0.1287986308101532
SHB,2018Q1,2018,0.0229146716178669,569007000000.0,0.0166686355048706,0.0899599550984532
SHB,2018Q2,2018,0.0269967145369549,701326000000.0,0.0162185108048431,0.0947447191889452
SHB,2018Q3,2018,0.0275189704236917,578972000000.0,0.0170346376582366,0.0946408011340305
SHB,2018Q4,2018,0.0239603243819653,1624929000000.0,0.0305146899417758,0.1001843718448439
SHB,2019Q1,2019,0.024004949419371,743571000000.0,0.0177663017603527,0.0907391763011628
SHB,2019Q2,2019,0.0292342063879516,1112807000000.0,0.02201339042643,0.1023542140884072
SHB,2019Q3,2019,0.0285906072044181,1415012000000.0,0.0281175975175961,0.1095442525336104
SHB,2019Q4,2019,0.01831332963045,2097007000000.0,0.0302340104655883,0.1046677715727609
SHB,2020Q1,2020,0.0217481761047596,779499000000.0,0.0202399014550254,0.1008902205524858
SHB,2020Q2,2020,0.024529879398928,1745869000000.0,0.0282918210541256,0.1029276379852747
SHB,2020Q3,2020,0.0246691853034397,2003752000000.0,0.0281009534191964,0.102177286041179
SHB,2020Q4,2020,0.0171920797235128,3417553000000.0,0.0355047083633538,0.1044807241416902
SHB,2021Q1,2021,0.0188775205566779,1664050000000.0,0.0230845568427495,0.0913286371744362
SHB,2021Q2,2021,0.0206451288620241,3736107000000.0,0.0465801103322681,0.0960355861134065
SHB,2021Q3,2021,0.0222077820395399,3748344000000.0,0.0380139066825718,0.1031600718223582
SHB,2021Q4,2021,0.0142525749923516,4630597000000.0,0.0429425067093914,0.107328232841761
SHB,2022Q1,2022,0.0174368092998797,3698645000000.0,0.0358828102675872,0.0956467070242713
SHB,2022Q2,2022,0.02553436500123,3709602000000.0,0.0354041065876198,0.0979009699841783
SHB,2022Q3,2022,0.0233162996737709,4137646000000.0,0.040849411450687,0.1085357396150439
SHB,2022Q4,2022,0.025257362816264,3442233000000.0,0.0354261834162182,0.1101145516741957
SHB,2023Q1,2023,0.0283135414783336,4993903000000.0,0.045878293128594,0.1413618616666461
SHB,2023Q2,2023,0.0301784975646184,4001441000000.0,0.0309335838914927,0.1248901600398417
SHB,2023Q3,2023,0.0320639827767067,3045079000000.0,0.0323705853408894,0.1272836963793641
SHB,2023Q4,2023,0.0284688658933839,4615739000000.0,0.0372892407869634,0.1140689969640322
SHB,2024Q1,2024,0.030193859944964,4725213000000.0,0.0349939930539197,0.1082707068310859
SHB,2024Q2,2024,0.0301531681305198,3185538000000.0,0.0292026229988388,0.0904690895762504
SHB,2024Q3,2024,0.0252937780564031,2690793000000.0,0.0203893780474126,0.0773716087240741
SHB,2024Q4,2024,0.028973390250525,7210490000000.0,0.0493942695858734,0.1160264395433437
SHB,2025Q1,2025,0.0287222050130023,4991583000000.0,0.0303923946144662,0.0930792147125789
STB,2017Q1,2017,0.0488547657903872,308486000000.0,,
STB,2017Q2,2017,0.0754438306213117,353110000000.0,0.0136791582071472,0.08047475751872
STB,2017Q3,2017,0.059479578806932,588739000000.0,0.0221546524357604,0.0928954229183692
STB,2017Q4,2017,0.041572330561803,1084183000000.0,0.0196237463224995,0.0951228934114391
STB,2018Q1,2018,0.0401141325305427,584770000000.0,0.0211788497492448,0.09378077010878
STB,2018Q2,2018,0.0369741855946226,925574000000.0,0.0213950712634549,0.09412207320031
STB,2018Q3,2018,0.0318332314489926,982553000000.0,0.0239937754603747,0.0984281685611281
STB,2018Q4,2018,0.0211486508368959,1346208000000.0,0.0242506018383133,0.0968179142815874
STB,2019Q1,2019,0.021440694768269,1491428000000.0,0.0273485070830327,0.0997862606806321
STB,2019Q2,2019,0.0204083560844362,1015961000000.0,0.0214339118864364,0.0931559807035664
STB,2019Q3,2019,0.0199984199079562,1667265000000.0,0.0299401755482334,0.1060778557716464
STB,2019Q4,2019,0.0193673998480977,1194981000000.0,0.0177988203225657,0.0883874327277974
STB,2020Q1,2020,0.0197407739823145,1405546000000.0,0.0280269363896823,0.1001898102556142
STB,2020Q2,2020,0.0215069329653625,1588108000000.0,0.0250366880669062,0.0972664167869234
STB,2020Q3,2020,0.0213526308701791,2184819000000.0,0.0278753855011394,0.0981334524951783
STB,2020Q4,2020,0.0169873712062741,1077177000000.0,0.0272254757554759,0.0878770589588955
STB,2021Q1,2021,0.0148254584605689,1475966000000.0,0.0266426861614188,0.0782981726343951
STB,2021Q2,2021,0.0155327489730373,2410057000000.0,0.0273889249005005,0.0764732866457111
STB,2021Q3,2021,0.0156218361199182,1774649000000.0,0.0287897835662997,0.0791452841720141
STB,2021Q4,2021,0.0147478822420138,2214522000000.0,0.0212275961851734,0.0630770425082365
STB,2022Q1,2022,0.0128300606345109,2293455000000.0,0.0218417975365982,0.0673702699392139
STB,2022Q2,2022,0.0127430099157294,3739518000000.0,0.0199407491785563,0.0627110536898503
STB,2022Q3,2022,0.0090098099633986,3957098000000.0,0.0434168978940523,0.0943035897148329
STB,2022Q4,2022,0.0098006424248868,5186810000000.0,0.0440956964158635,0.1035071194777571
STB,2023Q1,2023,0.0119096474680505,3384223000000.0,0.0411545479036359,0.1161763494717277
STB,2023Q2,2023,0.0178648354526534,3688194000000.0,0.0391325977276784,0.1201134521324662
STB,2023Q3,2023,0.0220044485839987,2911990000000.0,0.0316846616210951,0.1097484742888627
STB,2023Q4,2023,0.0227540042466953,3298699000000.0,0.0357929638073501,0.1063476364092438
STB,2024Q1,2024,0.0227863106024214,3331878000000.0,0.0366589528585085,0.0933415562968732
STB,2024Q2,2024,0.0242880347115883,3153347000000.0,0.0357912761898513,0.0871484485208031
STB,2024Q3,2024,0.0247371003417871,3950399000000.0,0.0363344488768889,0.0856436815138725
STB,2024Q4,2024,0.0240252880350973,4259105000000.0,0.0338402247534561,0.085101365112841
STB,2025Q1,2025,0.0250754650403605,3869293000000.0,0.0366903372026097,0.0890405589445842
TCB,2017Q1,2017,0.0188829029405937,2595003000000.0,,
TCB,2017Q2,2017,0.0205948255828188,2517930000000.0,0.04069616051689,0.0981997043489236
TCB,2017Q3,2017,0.0193441079249621,2263389000000.0,0.0379655590964989,0.0962219426020182
TCB,2017Q4,2017,0.0160642926323519,4269202000000.0,0.0420067806007645,0.091909415399831
TCB,2018Q1,2018,0.0187158329140651,3392745000000.0,0.0399035903333637,0.0925987381006438
TCB,2018Q2,2018,0.0203730559264754,2847644000000.0,0.0370851855159025,0.0940475270900939
TCB,2018Q3,2018,0.0205357590518923,3320472000000.0,0.0434033621927723,0.0936465928582538
TCB,2018Q4,2018,0.0175279048571392,2946516000000.0,0.0400089773750742,0.0956450084464451
TCB,2019Q1,2019,0.0178461576398292,2784318000000.0,0.0450567005275526,0.0861298877261878
TCB,2019Q2,2019,0.0178043868494983,3116686000000.0,0.0393694351884271,0.088151226908172
TCB,2019Q3,2019,0.0180400815456946,3564278000000.0,0.0434003468341046,0.0894758563079513
TCB,2019Q4,2019,0.0133355674558265,4290354000000.0,0.0443942859203828,0.0921407519557874
TCB,2020Q1,2020,0.0109030312557128,3892750000000.0,0.0466090362339398,0.0934240270526622
TCB,2020Q2,2020,0.0090665912614882,4055874000000.0,0.0431474487209038,0.0828040404897646
TCB,2020Q3,2020,0.0059989413984672,5007584000000.0,0.0558357301058043,0.1008286307265464
TCB,2020Q4,2020,0.0046669445879602,5455123000000.0,0.0557796032425091,0.0874865843143727
TCB,2021Q1,2021,0.0038317971711066,6369119000000.0,0.0584339703605778,0.0870507639813552
TCB,2021Q2,2021,0.0035675249976324,6615437000000.0,0.0589116192143874,0.0879047156925719
TCB,2021Q3,2021,0.0056969895180324,6151260000000.0,0.0557013646082101,0.0882584764207572
TCB,2021Q4,2021,0.006604093350918,6767163000000.0,0.056349425093529,0.087455104112648
TCB,2022Q1,2022,0.006676328542675,7003716000000.0,0.0590426962128795,0.0869817044450325
TCB,2022Q2,2022,0.0060213953005335,7738517000000.0,0.0546652078831864,0.0842318772195438
TCB,2022Q3,2022,0.0064921152510286,7324347000000.0,0.0521275389272503,0.0872423113645897
TCB,2022Q4,2022,0.0090780090506431,5437482000000.0,0.0449670697142772,0.0939253672891977
TCB,2023Q1,2023,0.0084787969593705,6157888000000.0,0.0411822711063638,0.1006431343105447
TCB,2023Q2,2023,0.010743450096392,6456281000000.0,0.0386320660628111,0.0962116956887883
TCB,2023Q3,2023,0.0135983389379387,6787762000000.0,0.0429329704809659,0.1003734463401048
TCB,2023Q4,2023,0.0115670308169359,7407365000000.0,0.0416521871456997,0.0939255689474873
TCB,2024Q1,2024,0.011294798997459,9012631000000.0,0.0435179605615474,0.0855016093165969
TCB,2024Q2,2024,0.0123075019290656,9470722000000.0,0.0465074030508186,0.0869870385813895
TCB,2024Q3,2024,0.012907541188332,8323433000000.0,0.0422135413331308,0.0802802836210636
TCB,2024Q4,2024,0.0112403346466453,4813876000000.0,0.0383687678258355,0.0777158681561036
TCB,2025Q1,2025,0.0117281839217479,8326283000000.0,0.0356317149532819,0.0723734775801946
TPB,2017Q1,2017,0.0087046862883458,290781000000.0,,
TPB,2017Q2,2017,0.0088160569072182,416635000000.0,0.025843896570546,0.0785848570036444
TPB,2017Q3,2017,0.0090740210279452,541857000000.0,0.0323011407703984,0.0827990007019641
TPB,2017Q4,2017,0.0109512307773108,418851000000.0,0.0344128866722364,0.0823952729593771
TPB,2018Q1,2018,0.0114923270246475,579953000000.0,0.0324306501815528,0.0825638204187516
TPB,2018Q2,2018,0.0116943336698548,819054000000.0,0.0363021064162528,0.087065503644546
TPB,2018Q3,2018,0.0123987058004513,659419000000.0,0.0377362082369726,0.0904945801780707
TPB,2018Q4,2018,0.0111593230345299,724425000000.0,0.0415905053725304,0.0939241421190078
TPB,2019Q1,2019,0.0138657610841118,1007752000000.0,0.0400479524499706,0.0962945825114319
TPB,2019Q2,2019,0.0150153025639319,1125533000000.0,0.0419419488953506,0.0991041677896969
TPB,2019Q3,2019,0.0151290307502081,1233012000000.0,0.0414444952135588,0.1021463056211003
TPB,2019Q4,2019,0.0129128735086576,1803398000000.0,0.0410420333678191,0.1012368020206805
TPB,2020Q1,2020,0.0187445011558858,1333530000000.0,0.0434254800944559,0.1077574459746938
TPB,2020Q2,2020,0.0147074768432038,1466554000000.0,0.0418192004793268,0.1043961858024625
TPB,2020Q3,2020,0.0178600857029193,1405394000000.0,0.0387049446653028,0.1059244464707122
TPB,2020Q4,2020,0.0118379637351274,1966418000000.0,0.0447679680349146,0.1050672050612875
TPB,2021Q1,2021,0.01192655411126,1813101000000.0,0.0463093613716482,0.1020630811475722
TPB,2021Q2,2021,0.0114917429852913,2196868000000.0,0.0476835104147568,0.1043569464256386
TPB,2021Q3,2021,0.0103576156452759,2732582000000.0,0.0406505873100232,0.0975187739230084
TPB,2021Q4,2021,0.0081912734822564,2204161000000.0,0.0441336224346468,0.1039263550950193
TPB,2022Q1,2022,0.0114384965356703,2378412000000.0,0.0410677155087605,0.1021882360346952
TPB,2022Q2,2022,0.0085082527519322,2810024000000.0,0.0431043582959984,0.1052335776692341
TPB,2022Q3,2022,0.0091281890873585,2466189000000.0,0.0383075381463679,0.1068978925184024
TPB,2022Q4,2022,0.0084317349945289,2017307000000.0,0.037692420357614,0.1158790876432664
TPB,2023Q1,2023,0.0144552098955395,2079977000000.0,0.0354235883950897,0.1268405537966882
TPB,2023Q2,2023,0.0220916395723659,1986557000000.0,0.0344335269979783,0.1287853050530818
TPB,2023Q3,2023,0.0297333722901648,2868631000000.0,0.0373517919396207,0.1222924409110332
TPB,2023Q4,2023,0.0204633352367859,2599803000000.0,0.0491930401796024,0.1155292640874642
TPB,2024Q1,2024,0.0223249885610672,3009394000000.0,0.0412895230677992,0.1007523846170763
TPB,2024Q2,2024,0.0206084719934012,2853131000000.0,0.0385907097648273,0.0943039789399173
TPB,2024Q3,2024,0.0228751229033158,2568934000000.0,0.0359374423365272,0.0891071003413387
TPB,2024Q4,2024,0.0151928862546702,3327951000000.0,0.0318338658865179,0.0885911385204054
TPB,2025Q1,2025,0.0227481840661864,2598492000000.0,0.0347511303480378,0.0850497611709968
VAB,2017Q1,2017,0.0140801722991386,19155000000.0,,
VAB,2017Q2,2017,0.025770832292251,184116093368.0,0.0200143284138269,0.0977696343716942
VAB,2017Q3,2017,0.0349333525363497,93219198452.0,0.0163275169479174,0.0922852994765631
VAB,2017Q4,2017,0.0153602633956009,133462444762.0,0.0263936625713953,0.1080236962632617
VAB,2018Q1,2018,0.0271629399062164,144409000000.0,0.0187801003552877,0.0929477122858649
VAB,2018Q2,2018,,129698446033.0,0.0171900942058952,
VAB,2018Q3,2018,,222988404813.0,0.0236873847676331,
VAB,2018Q4,2018,,118019950062.0,0.0133335785391994,
VAB,2019Q1,2019,,23088844688.0,0.0101784877614101,
VAB,2019Q2,2019,,158312757165.0,0.0197209020558046,
VAB,2019Q3,2019,,195812086939.0,0.0203463294010496,
VAB,2019Q4,2019,,263780248401.0,0.0131737875827181,
VAB,2020Q1,2020,,84893178618.0,0.0115646309887671,
VAB,2020Q2,2020,,272422060595.0,0.0201454773952902,
VAB,2020Q3,2020,,494895085334.0,0.0315999708777607,
VAB,2020Q4,2020,,312836039370.0,0.009529680929721,
VAB,2021Q1,2021,,125169244088.0,0.0132193496827957,
VAB,2021Q2,2021,0.0206088117418131,355465639946.0,0.0224049830136079,0.0
VAB,2021Q3,2021,0.0199028045981417,266782946058.0,0.0192824750964071,0.0931572197219527
VAB,2021Q4,2021,0.0185765801524721,564938472111.0,0.0277749800732816,0.1031664971161027
VAB,2022Q1,2022,0.0179024076236037,337887940491.0,0.0118514452025532,0.0767717845218143
VAB,2022Q2,2022,0.0173425825137859,295445236829.0,0.0198852015350469,0.0873079263496382
VAB,2022Q3,2022,0.0155609101309536,209475724745.0,0.0155976714990324,0.0804081386931839
VAB,2022Q4,2022,0.0152841745245925,382430379388.0,0.0231182009304175,0.1013517969536884
VAB,2023Q1,2023,0.0143161027403299,274770764113.0,0.0199642855366425,0.1168262777838946
VAB,2023Q2,2023,0.0249017771486689,277491511938.0,0.0195495132504495,0.1240773534163208
VAB,2023Q3,2023,0.0169273947885903,105920209082.0,0.0062218784153189,0.108806816991171
VAB,2023Q4,2023,0.0159303978750588,945562499182.0,0.0331226820058548,0.1307510724303861
VAB,2024Q1,2024,0.0235145879679035,414636607860.0,0.0220579357187026,0.095981041774264
VAB,2024Q2,2024,0.0253860975252699,319575959750.0,0.0212081423440969,0.0823739007078787
VAB,2024Q3,2024,0.0170357493097536,236354559939.0,0.0179865207019634,0.0764068946774668
VAB,2024Q4,2024,0.0136524540993748,670258461887.0,0.0295017672436486,0.095928028141538
VAB,2025Q1,2025,0.0063154992112927,440404530908.0,0.0208838641395729,0.0864206352090214
VCB,2017Q1,2017,0.0147653482982669,4137564000000.0,,
VCB,2017Q2,2017,0.0150991268431105,4119462000000.0,0.0281036815262781,0.0701849044051998
VCB,2017Q3,2017,0.0115361436627184,4183819000000.0,0.0245892441940802,0.0695890674547057
VCB,2017Q4,2017,0.0114249085555319,5094671000000.0,0.0244938475412091,0.0718293250903003
VCB,2018Q1,2018,0.0136701149831018,5856905000000.0,0.024910184895632,0.0711685082421545
VCB,2018Q2,2018,0.0115218830352751,5395238000000.0,0.028130604680984,0.071452631340509
VCB,2018Q3,2018,0.0118224524561582,5428955000000.0,0.0308442531896428,0.0727587070312865
VCB,2018Q4,2018,0.0098239924781102,8997407000000.0,0.0316204400549112,0.0760893412616627
VCB,2019Q1,2019,0.0103295618505772,7384040000000.0,0.0325546901861435,0.0776419498699792
VCB,2019Q2,2019,0.010257643052757,7235922000000.0,0.0321234395931738,0.0765313354734937
VCB,2019Q3,2019,0.0107683756308647,7812085000000.0,0.0318528207875663,0.0780149900181353
VCB,2019Q4,2019,0.0077905258139194,7481080000000.0,0.0297557505508444,0.0761594183876095
VCB,2020Q1,2020,0.0082059500810332,7375195000000.0,0.0313007874823694,0.0781064344374312
VCB,2020Q2,2020,0.0083465475926597,7615537000000.0,0.0283449347345424,0.0709152114244939
VCB,2020Q3,2020,0.0100599566688339,7007622000000.0,0.0300316893156432,0.0709849096640529
VCB,2020Q4,2020,0.0062272470846076,10963016000000.0,0.0337449448370985,0.0695632614788753
VCB,2021Q1,2021,0.0088275823648009,10906375000000.0,0.0315521367226031,0.0664464958243091
VCB,2021Q2,2021,0.0074461235840242,8167119000000.0,0.0349614023540927,0.0668089536789999
VCB,2021Q3,2021,0.0116238818167746,8250391000000.0,0.0314946018973185,0.0646451765728314
VCB,2021Q4,2021,0.0063711967595148,11812612000000.0,0.0313529544090731,0.063648998178251
VCB,2022Q1,2022,0.0081373185762985,12224195000000.0,0.0339074238424639,0.066091935714157
VCB,2022Q2,2022,0.0060982239265491,10156539000000.0,0.0338979321575092,0.0663914249989682
VCB,2022Q3,2022,0.0079667051207928,10344419000000.0,0.0341060341440247,0.0694249154253588
VCB,2022Q4,2022,0.0068188875534494,14097725000000.0,0.0350103837627325,0.0768639856132575
VCB,2023Q1,2023,0.0084679560480464,13242920000000.0,0.031651063673466,0.0820243263781011
VCB,2023Q2,2023,0.0083066923804491,11814071000000.0,0.0319562944988452,0.0832598212472251
VCB,2023Q3,2023,0.0120962821134488,10544771000000.0,0.02962139338086,0.0770958204041923
VCB,2023Q4,2023,0.009804289042328,10206801000000.0,0.0289278497816266,0.0695616997267098
VCB,2024Q1,2024,0.0122066367639214,12226449000000.0,0.0314747308896061,0.0647244658168004
VCB,2024Q2,2024,0.0120075306211941,11629816000000.0,0.0304619395351441,0.0578173637622066
VCB,2024Q3,2024,0.0122280944352437,11024520000000.0,0.0285865270723034,0.0561615162866217
VCB,2024Q4,2024,0.009635678035386,10670348000000.0,0.0278985442417856,0.0550593521483087
VCB,2025Q1,2025,0.0102534929344361,11612289000000.0,0.0263677105038914,0.0550566324850192
VIB,2017Q1,2017,0.0218702707363007,302843000000.0,,
VIB,2017Q2,2017,0.025852246265876,302475000000.0,0.0281052215080233,0.0767022798722036
VIB,2017Q3,2017,0.0236451096125833,480519000000.0,0.0311897712777355,0.0784810621735378
VIB,2017Q4,2017,0.0248757581915375,655321000000.0,0.0371885976991603,0.0866787117725954
VIB,2018Q1,2018,0.0254503094812059,613574000000.0,0.0330334154565641,0.0846535791167927
VIB,2018Q2,2018,0.0233129269300844,771824000000.0,0.0372254388416811,0.0894083247451404
VIB,2018Q3,2018,0.0250406375665057,804499000000.0,0.0400487853819584,0.0944849958429588
VIB,2018Q4,2018,0.0251891084814992,1172137000000.0,0.0391304810349882,0.0961130885050835
VIB,2019Q1,2019,0.0252112301097528,966174000000.0,0.039976387092292,0.099240130980232
VIB,2019Q2,2019,0.0217969018131856,1173846000000.0,0.0406986233342427,0.1005639660933243
VIB,2019Q3,2019,0.0204301428156223,1294183000000.0,0.0390246976924136,0.1033329437826132
VIB,2019Q4,2019,0.0196327074980282,1252098000000.0,0.0380345547169255,0.1042372603430379
VIB,2020Q1,2020,0.0218673106174203,1231194000000.0,0.0390343945522137,0.1043454800623987
VIB,2020Q2,2020,0.0236929202545729,1546545000000.0,0.0395093142616439,0.1105820127360435
VIB,2020Q3,2020,0.02137657262227,1906496000000.0,0.0442075914618617,0.1093721631414127
VIB,2020Q4,2020,0.017445964489136,2066407000000.0,0.0457825163387564,0.10806106927548
VIB,2021Q1,2021,0.01726506826014,2140945000000.0,0.0451086597684794,0.1036619922316409
VIB,2021Q2,2021,0.0169108456677852,2461039000000.0,0.0456374386641458,0.1060649473587313
VIB,2021Q3,2021,0.0212205336062952,1651600000000.0,0.0396668400640521,0.0995993590281095
VIB,2021Q4,2021,0.0231750358583088,3355478000000.0,0.0474458572983811,0.1075893169485757
VIB,2022Q1,2022,0.0238885634522931,2676197000000.0,0.0453581261751411,0.1057527939056994
VIB,2022Q2,2022,0.024485695169418,3107379000000.0,0.0451405767459848,0.1106645395154139
VIB,2022Q3,2022,0.023474058641729,2956763000000.0,0.0461909399829819,0.1142919203509348
VIB,2022Q4,2022,0.0245181535530539,3120383000000.0,0.0471333375441766,0.1221794747393646
VIB,2023Q1,2023,0.0364006623061551,3362087000000.0,0.0502042614439462,0.1368329073100759
VIB,2023Q2,2023,0.036342442619674,3808157000000.0,0.0487220123760558,0.1388384177975505
VIB,2023Q3,2023,0.0368018324991085,4307577000000.0,0.0499575002077481,0.1286582685091721
VIB,2023Q4,2023,0.0314425796008714,4071926000000.0,0.0443926414013308,0.1137381574145535
VIB,2024Q1,2024,0.0359839052314654,3447418000000.0,0.0429158499843711,0.100669567017116
VIB,2024Q2,2024,0.0365759705660297,3233000000000.0,0.037732802296282,0.1000607202768087
VIB,2024Q3,2024,0.0385187393742337,3153716000000.0,0.0372835341335697,0.0989114797702525
VIB,2024Q4,2024,0.035102385958411,3523626000000.0,0.0349282771415635,0.0948174795710483
VIB,2025Q1,2025,0.0379315747286135,2842120000000.0,0.0304591712057549,0.0888138350860254
VPB,2017Q1,2017,0.0350023517167269,3608995000000.0,,
VPB,2017Q2,2017,0.028122873104124,3650068000000.0,0.0841520270104643,0.1757779286329422
VPB,2017Q3,2017,0.0305657497619013,3996570000000.0,0.0908274373514677,0.1806649839449131
VPB,2017Q4,2017,0.033941805099994,4872728000000.0,0.0908096558532677,0.1795875827227291
VPB,2018Q1,2018,0.04148496662131,5271292000000.0,0.0904516806910091,0.1782383751923766
VPB,2018Q2,2018,0.0406839030055263,4550724000000.0,0.0896740585338866,0.1745860913217027
VPB,2018Q3,2018,0.0469856762316362,4497289000000.0,0.085795791199111,0.1723922683161623
VPB,2018Q4,2018,0.0350684737353251,6132434000000.0,0.0887265310866561,0.1732481075884129
VPB,2019Q1,2019,0.0361878982733545,4986948000000.0,0.0889632721766001,0.176424933399633
VPB,2019Q2,2019,0.0342906478348691,5825690000000.0,0.0967746439951183,0.1786027219122688
VPB,2019Q3,2019,0.0350181594739672,6379072000000.0,0.0954401581100521,0.181710312876924
VPB,2019Q4,2019,0.0342074483735589,6829785000000.0,0.0935341161216839,0.183054948712515
VPB,2020Q1,2020,0.0302699231615904,6622967000000.0,0.0892212025305746,0.1767731047056115
VPB,2020Q2,2020,0.0320879620791774,6393198000000.0,0.082914528135962,0.1641414394844036
VPB,2020Q3,2020,0.0364973335237428,6684835000000.0,0.0825706469581892,0.1615443088670419
VPB,2020Q4,2020,0.0341253062597094,7940093000000.0,0.0893459085360128,0.1602953651497807
VPB,2021Q1,2021,0.0346083167697759,8459441000000.0,0.0907836225880614,0.1561648156756059
VPB,2021Q2,2021,0.0347463964447217,9230395000000.0,0.0890811776204383,0.1533417854073089
VPB,2021Q3,2021,0.0400320875514742,7677041000000.0,0.069092483880708,0.1268341424391854
VPB,2021Q4,2021,0.0447165911125744,8215661000000.0,0.0714987526934973,0.1280760268924657
VPB,2022Q1,2022,0.0483203523967226,15278619000000.0,0.0763398172628779,0.1337284221146579
VPB,2022Q2,2022,0.0525473285698452,9762453000000.0,0.0763274935607618,0.1370732093189693
VPB,2022Q3,2022,0.0501502625160871,9936915000000.0,0.0743404560228424,0.1378288929910712
VPB,2022Q4,2022,0.0573464570826999,8702962000000.0,0.0722991730703414,0.1382942905709819
VPB,2023Q1,2023,0.0624394290753401,8935834000000.0,0.0624275905052304,0.1401362342327268
VPB,2023Q2,2023,0.065209565084735,9102840000000.0,0.0526535787676276,0.1380800172278176
VPB,2023Q3,2023,0.0573919361804762,8067282000000.0,0.0494717103286671,0.1349572154469373
VPB,2023Q4,2023,0.0500541833932636,9725657000000.0,0.0585790730146966,0.1343290304917628
VPB,2024Q1,2024,0.0483505719292452,9944045000000.0,0.0580191196433503,0.1228323958694425
VPB,2024Q2,2024,0.050797192004978,12805925000000.0,0.0615963589874263,0.115076647737907
VPB,2024Q3,2024,0.0480553776538619,11312047000000.0,0.0584149710349794,0.1118474274529826
VPB,2024Q4,2024,0.0419558131504382,13853307000000.0,0.0604357965099401,0.1163320505871385
VPB,2025Q1,2025,0.0474137946505146,11692187000000.0,0.0573108734977159,0.1134550264524448
VBB,2017Q3,2017,0.0173688586030207,14937000000.0,,
VBB,2017Q4,2017,0.0134928192105225,137755000000.0,0.0279928985476699,0.0991015379681361
VBB,2018Q1,2018,0.0146454455819617,145961000000.0,0.0249587884212555,0.0911752764246506
VBB,2018Q2,2018,0.0172974734572146,125180000000.0,0.0292978214665085,0.0939792290631707
VBB,2018Q3,2018,0.0168262505506105,42467000000.0,0.0237828142985824,0.1046858375920648
VBB,2018Q4,2018,0.0124984244381378,92914000000.0,0.0224268324005787,0.1026844071281785
VBB,2019Q1,2019,0.0140479501622647,122485000000.0,0.0239571387477778,0.1039206448036087
VBB,2019Q2,2019,0.011438529618388,149084000000.0,0.0245767890910662,0.1011308084359048
VBB,2019Q3,2019,0.0122934790681164,195159000000.0,0.0238386588720579,0.0
VBB,2019Q4,2019,0.0131736534848425,226926000000.0,0.020794652576703,0.1285605754856242
VBB,2020Q1,2020,0.0135884710454834,259795000000.0,0.01746049633205,0.1110583709152408
VBB,2020Q2,2020,0.018761972025742,55154000000.0,-0.0044487900059742,0.0712250480518078
VBB,2020Q3,2020,0.0203338739279987,110915000000.0,0.0091467429683672,0.1136556001119013
VBB,2020Q4,2020,0.0175156571428775,10802000000.0,0.0041976877245373,0.0872504991765718
VBB,2021Q1,2021,0.018690440621863,120803000000.0,0.0107065977717454,0.0952204586129147
VBB,2021Q2,2021,0.0190796151363675,233157000000.0,0.0108970473934526,0.0867122707356774
VBB,2021Q3,2021,0.0264863246377996,119338000000.0,0.0138107300292822,0.0949769502423069
VBB,2021Q4,2021,0.036513859169562,645061000000.0,0.0297081061646686,0.1136154388297768
VBB,2022Q1,2022,0.0433928138377412,187025000000.0,0.0146397998737066,0.0842670353374737
VBB,2022Q2,2022,0.0390644943169836,369035000000.0,0.0222102273563686,0.1001257362094491
VBB,2022Q3,2022,0.0433066816332617,188779000000.0,0.0154545988511508,0.0877769371886308
VBB,2022Q4,2022,0.0365264916301402,205069000000.0,0.0177443141946669,0.095270948022742
VBB,2023Q1,2023,0.0431401728792433,218129000000.0,0.0182368917299827,0.1113654313715524
VBB,2023Q2,2023,0.0386412247666752,219080000000.0,0.0165854840941635,0.1173684212792686
VBB,2023Q3,2023,0.0405772912640366,69923000000.0,0.0119338172787865,-0.1674195870900119
VBB,2023Q4,2023,0.0256472864708474,416303000000.0,0.0226452416709989,0.3767523654897461
VBB,2024Q1,2024,0.0309740640967021,163836000000.0,0.0133769813705548,0.0901854211836466
VBB,2024Q2,2024,0.0343090740503514,479046000000.0,0.023597358422608,0.0886804538898174
VBB,2024Q3,2024,0.0329696287664297,541997000000.0,0.0236469243475503,0.0872326851515095
VBB,2024Q4,2024,0.0275347246147347,751258000000.0,0.0181694309678612,0.0843115474587951
VBB,2025Q1,2025,0.026375046966139,366744000000.0,0.0170663343084187,0.0853575864204616
